artigoEmPeriodico	 	2022	0014-2182		La revanche de L'agrobusiness brésilien. Usages et paradoxes de la regulation environnementale par le numerique	ETUDES RURALES	BUHLER, E. A. ; GAUTREAU, P. ; OLIVEIRA, VALTERLÚCIODE		
artigoEmPeriodico	 	2022	1807-0337	http://dx.doi.org/10.1590/18070337-125394	Harriet Martineau: circulação e influência no debate público na primeira metade do século XIX	Sociologias (UFRGS)	Campos, Luna ; Daflon, Verônica Toste		
artigoEmPeriodico	 	2022	2318-0544		Um programa forte para a sociologia política no Brasil	Revista Brasileira de Sociologia	Carvalho, Lucas C.; LOPES, A. M.		
artigoEmPeriodico	 	2022	2236-7527	http://dx.doi.org/10.1590/2238-38752022v1215	DO BOM USO DO SABER: CAMPESINATO E QUESTÃO AGRÁRIA NA OBRA DE MOACIR PALMEIRA	SOCIOLOGIA E ANTROPOLOGIA	CARVALHO, LUCAS CORREIA		
artigoEmPeriodico	 	2022	1807-0337	http://dx.doi.org/10.1590/18070337-129026	Mulheres na Teoria Social: presente e passado para uma sociologia plural	Sociologias (UFRGS)	Daflon, Verônica Toste; CHAGURI, M.		
artigoEmPeriodico	 	2022	1984-0438		Editorial - Comida e sagrado: corpos, sentidos, cosmologias e ontologias	RELIGIÃO & SOCIEDADE	Fonseca, Gisele ; Bahia, Joana ; Renata Menezes ; VITAL DA CUNHA, Christina		
artigoEmPeriodico	 	2022	1414-0144	http://dx.doi.org/10.52780/res.v27iesp1.15820	Experiências urbanas segregadas	ESTUDOS DE SOCIOLOGIA (SÃO PAULO)	FRANÇA, DANILO		
artigoEmPeriodico	 	2022	1983-8239	http://dx.doi.org/10.9771/ccrh.v35i0.42018	SEGREGAÇÃO RESIDENCIAL POR RAÇA E CLASSE EM FORTALEZA, SALVADOR E SÃO PAULO	Caderno CRH (Online)	FRANÇA, DANILO		
artigoEmPeriodico	 	2022	0102-1788	http://dx.doi.org/10.47240/revistadaesg.v37i80	O global e o local: riscos e desafios das megafusões no setor agroalimentar para a segurança alimentar no Brasil.	REVISTA DA ESCOLA SUPERIOR DE GUERRA	Gama e Souza, Ana Luiza da ; VELOSO, Letícia H. Medeiros		
artigoEmPeriodico	 	2022	1518-4285	http://www.scopus.com/scopus/inward/citedby.url?partnerID=bb5nvXTn&rel=R6.0.0&doi=null&md5=f8a2d9f8af7e0fb17f9968fbbee28b49	Igualdade Racial	POLÍTICAS SOCIAIS (IPEA)	GOES, F. L. ; MARQUES, F. M. C. ; ABREU, A. K. ; FRANÇA, D. S. N.		
artigoEmPeriodico	 	2022	2182-7435		Masculinidades no sistema socioeducativo do Rio de Janeiro: disputas e polarizações	REVISTA CRÍTICA DE CIÊNCIAS SOCIAIS	HERNANDEZ, J. G. ; VINUTO, J.		
artigoEmPeriodico	 	2022	1461-6742	http://dx.doi.org/10.1080/14616742.2021.2021099	Police soldiers, elite squads, and militia: militarized masculinities and public security discourses in Rio de Janeiro (1995-2018)	International Feminist Journal of Politics	HINZ, KRISTINA ; VINUTO, Juliana		
artigoEmPeriodico	 	2022	2516-7227	http://dx.doi.org/10.31389/jied.140	The Expansion of MilÃ­cias in Rio de Janeiro. Political and Economic Advantages	Journal of Illicit Economies and Development	HIRATA, DANIEL VELOSO ; CARDOSO, ADAUTO ; GRILLO, Carolina Christoph ; DOS SANTOS JUNIOR, ORLANDO ALVES ; LYRA, DIOGO AZEVEDO ; DIRK, RENATO COELHO		
artigoEmPeriodico	 	2022	2176-9257	http://dx.doi.org/10.51861/ded.dmvdd.3.059	Desenvolvimento e desigualdades regionais: uma análise a partir da população brasileira adulta com educação superior completa	Desenvolvimento em Debate (INCT/PPED)	HOLANDA PADILHA VIEIRIA, ANDRÉ ; ZUCCARELLI, CAROLINA ; HONORATO, GABRIELA		
artigoEmPeriodico	 	2022	2238-3875	http://dx.doi.org/10.1590/2238-38752022v12312	O CARNAVAL E A PESQUISA UNIVERSITÁRIA: ANTROPOLOGIA, ARTES E LETRAS EM DIÁLOGO	REVISTA SOCIOLOGIA E ANTROPOLOGIA	Hugo Menezes ; GONÇALVES, R. S. ; BARBIERI, Ricardo		
artigoEmPeriodico	 	2022	2159-2926	http://dx.doi.org/10.5070/S528154969	Introduction: Sounds and Silence in the Pandemic City	Streetnotes	LA BARRE, Jorge de		
artigoEmPeriodico	 	2022	2159-2926	http://dx.doi.org/10.5070/S528154998	Lockdown, Soundscapes, Dreams: A Diary (July 25, 2020 - August 8, 2021)	Streetnotes	LA BARRE, Jorge de		
artigoEmPeriodico	 	2022	2249-460X	http://dx.doi.org/10.17406/GJHSS	NEOLIBERALISM AND INDIVIDUALISM: theoretical points	Global Journal of Human-Social Science	LEME, A. A		
artigoEmPeriodico	 	2022	2358-3932	http://dx.doi.org/10.26792/RBED.v9n1.2022.75244	O fenômeno do terrorismo jihadista como inimigo existencial: A política antiterrorismo da União Europeia 2015-2020	REVISTA BRASILEIRA DE ESTUDOS DE DEFESA	M.A.G. Suarez; MOTTA, D.		
artigoEmPeriodico	 	2022	1645-9199		Governo Bolsonaro: neofascismo e autocracia burguesa no Brasil	RELAÇÕES INTERNACIONAIS (LISBOA)	Mattos, Marcelo Badaró		
artigoEmPeriodico	 	2022	2358-7806	http://dx.doi.org/10.21728/logeion.2022v9nesp	A ordem como vontade e as possibilidades do caos as ameaças reais e potenciais do extremismo político à ordem social	LOGEION: FILOSOFIA DA INFORMAÇÃO	MELLO, M. P		
artigoEmPeriodico	 	2022	2179-7331	http://dx.doi.org/10.22409/antropolitica2022.i3.a56380	Apresentação: Festas na pandemia de Covid-19: experiências sociais em ação	ANTROPOLÍTICA: REVISTA CONTEMPORÂNEA DE ANTROPOLOGIA	MENEZES NETO, HUGO ; GONÇALVES, RENATA DE SÁ		
artigoEmPeriodico	 	2022	2250-7264		A formação econômica e urbana de Uberlândia e o Programa Minha Casa Minha Vida: interesses político-econômicos e desafios sociais	Revista de la Red Intercátedras de Historia de América Latina Contemporánea (RIHALC)	MOREIRA, C. F. ; LEME, A. A. ; LENK, W.		
artigoEmPeriodico	 	2022	0101-8515		Agricultura Familiar: o rural vivo e dinâmico	CIÊNCIA HOJE	OLIVEIRA, VALTERLÚCIODE; BUHLER, E. A.		
artigoEmPeriodico	 	2022	1980-5462	http://dx.doi.org/10.1590/s0102-6992-202237030003	Lélia Gonzalez, uma teórica crítica do social	REVISTA SOCIEDADE E ESTADO	RIOS, Flavia; KLEIN, S. F.		
artigoEmPeriodico	 	2022	1678-4944	http://dx.doi.org/10.1590/1678-49442022v28n3a0405	Comissões de heteroidentificação e universidade pública: processos, dinâmicas e disputas na implementação das políticas de ação afirmativa	MANA (RIO DE JANEIRO. ONLINE)	SILVA, A. C. C. ; LEITE, D. ; RIOS, Flavia ; VINUTO, J.		
artigoEmPeriodico	 	2022	2526-396X		15 ANOS DE COMBATE À INTOLERÂNCIA RELIGIOSA: NOTÍCIAS DAS(OS) ANTROPÓLOGAS(OS) E ATIVISTAS RELIGIOSAS(OS)	Revista Intolerância Religiosa	TAVARES, F. ; VITAL DA CUNHA, Christina		
artigoEmPeriodico	 	2022	2317-8507	http://dx.doi.org/10.20336/rbs.879	Educação superior e resultados no mercado de trabalho no Brasil: uma revisão da literatura e dos dados disponíveis	REVISTA BRASILEIRA DE SOCIOLOGIA	VIEIRA, A. H. P.; HONORATO, G. ; RODRIGUES, L. A. L.		
artigoEmPeriodico	 	2022	2176-9257		Desenvolvimento e desigualdades regionais: uma análise a partir da população com educação superior completa	Desenvolvimento em Debate (INCT/PPED)	VIEIRA, A. H. P.; ZUCCARELLI, CAROLINA ; HONORATO, GABRIELA		
artigoEmPeriodico	 	2022	1984-7289	http://dx.doi.org/10.15448/1984-7289.2022.1.40428	Contribuições de Lélia Gonzalez aos estudos sociológicos sobre controle social e punição no Brasil	Civitas (Porto Alegre)	VINUTO, J		
artigoEmPeriodico	 	2022	1808-6233		TEM BATUQUE NA POLÍTICA: O CASO DA FRENTE PARLAMENTAR DE MATRIZ AFRICANA NO CONGRESSO NACIONAL BRASILEIRO na Revista OQ	OBSERVATÓRIO QUILOMBOLA	VITAL DA CUNHA, Christina		
artigoEmPeriodico	 	2022	2396-9407	http://dx.doi.org/10.1177/23969393221095866	Pentecostal Culture in Rio?s Peripheries: Graffiti and National Political Agency	International Bulletin Of Mission Research	VITAL DA CUNHA, Christina		
artigoEmPeriodico	 	2022	2238-8346	http://dx.doi.org/10.14393/REPOD-v11n3a2022-65070	A revisão da Lei de Cotas na educação superior: dados para o debate	Educação e Políticas em Debate	ZUCCARELLI, Carolina; HONORATO, G. S.		
artigoEmPeriodico	 	2021	1518-4285	http://www.scopus.com/scopus/inward/citedby.url?partnerID=bb5nvXTn&rel=R6.0.0&doi=null&md5=f8a2d9f8af7e0fb17f9968fbbee28b49	Igualdade Racial	POLÍTICAS SOCIAIS (IPEA)	ABREU, A. K. ; TOKARSKI, C. P. ; FRANÇA, D. S. N. ; ALENCAR, J. L. O. ; MATIAS, K. A. ; PINHEIRO, L. S.		
artigoEmPeriodico	 	2021	1984-0438	http://dx.doi.org/10.1590/0100-85872021v41n2cap08	Entidades evangélicas e o combate à corrupção no Brasil (2012-2018)	RELIGIÃO & SOCIEDADE	Bezerra, Marcos O.; MOURA, G. S.		
artigoEmPeriodico	 	2021	2178-2792	http://dx.doi.org/10.17648/dilemas.v14n1.32530	Denúncias de -corrupção governamental? e conflitos políticos no segundo governo Vargas (1951-1954)	Revista Dilemas IFCS-UFRJ	Bezerra, Marcos O.; SILVA, G. M.		
artigoEmPeriodico	 	2021	0020-3874		Leituras em competição (à distância): dois experimentos de pesquisa a partir da obra de Celso Furtado	Revista do Instituto de Estudos Brasileiros	BRASIL JR., A. ; Carvalho, Lucas C. ; HELAYEL, K.		
artigoEmPeriodico	 	2021	1664-1078	http://dx.doi.org/10.3389/fpsyg.2021.671481	Facing Racism and Sexism in Science by Fighting Against Social Implicit Bias: A Latina and Black Woman?s Perspective	Frontiers in Psychology	CALAZA, K. ; ERTHAL, F. ; PEREIRA, M. ; MACARIO, K. ; DAFLON, V. T. ; DAVID, I. ; CASTRO, H. ; VARGAS, M. ; MARTINS, L. ; STARIOLO, J. ; VOLCHAN, E. ; OLIVEIRA, L.		
artigoEmPeriodico	 	2021	1517-4522	http://dx.doi.org/10.1590/15174522-113100	Quantificação, Estado e participação social: potenciais heurísticos de um campo emergente	SOCIOLOGIAS (UFRGS. IMPRESSO)	CAMARGO, A. P. R. ; LIMA, R. S. ; HIRATA, DANIEL		
artigoEmPeriodico	 	2021	2236-7527	http://dx.doi.org/10.159%200%20/2238-38752021v11esp4	A sociedade contra o acaso: teoria de redes e a pandemia do novo coronavírus	SOCIOLOGIA E ANTROPOLOGIA	Carvalho, Lucas C.; BRASIL JR., A.		
artigoEmPeriodico	 	2021	2763-5716	http://dx.doi.org/10.22481/poliges.v2i1.8408	DEMOCRACIA E ESTADO MODERNO NO CONTEXTO GLOBAL: DILEMAS E CONTRADIÇÕES	Revista de Política e Gestão Educacional (POLIGES)	CONCEIÇÃO, Silvano da ; LEME, A. A.		
artigoEmPeriodico	 	2021	1809-4449	http://dx.doi.org/10.1590/18094449202100610002	Gênero, feminismo e geração: uma análise dos perfis e opiniões das mulheres manifestantes no Rio de Janeiro	CADERNOS PAGU	Daflon, Verônica Toste; Thome, Débora ; Borba, Felipe		
artigoEmPeriodico	 	2021	1415-8604		A memória do futuro nas múltiplas lentes do curta Manhã Cinzenta	LUGAR COMUM	FERRAZ, Joana DArc Fernandes		
artigoEmPeriodico	 	2021	2358-3932	http://dx.doi.org/10.26792/RBED.v8n2.2021	VIOLÊNCIA POLÍTICA E FORÇAS ARMADAS NA AMÉRICA LATINA: UMA INTRODUÇÃO	REVISTA BRASILEIRA DE ESTUDOS DE DEFESA	FERREIRA, M. A. ; TEIXEIRA JR, A. W. ; SUAREZ, M. A. G.		
artigoEmPeriodico	 	2021	1806-9053	http://dx.doi.org/10.1590/3610716/2021	RACIALIZAÇÃO URBANA	REVISTA BRASILEIRA DE CIÊNCIAS SOCIAIS (ONLINE)	FRANÇA, DANILO		
artigoEmPeriodico	 	2021	1809-4341	http://dx.doi.org/10.1590/1809-43412021v18d601	Walking through Rio de Janeiro?s `Little Africa?: places and contested borders	VIBRANT (FLORIANÓPOLIS)	GONÇALVES, R. S		
artigoEmPeriodico	 	2021	2238-3875	http://dx.doi.org/10.1590/2238-38752021v11esp15	A CIÊNCIA E A POLÍTICA COMO VOCAÇÃO - O DISCURSO DE MERKEL E A PRIMEIRA ONDA DA PANDEMIA DE COVID-19 NA ALEMANHA	REVISTA SOCIOLOGIA E ANTROPOLOGIA	GONÇALVES, R. S		
artigoEmPeriodico	 	2021	1678-4944		Interstícios, Distâncias e Formas Provisórias de Existência	MANA (RIO DE JANEIRO. ONLINE)	GUEDES, A. D		
artigoEmPeriodico	 	2021	2237-6208	http://dx.doi.org/10.38116/bapi26art2	Impactos de Ações Judiciais na Preservação de Vidas Negras nas Favelas: AC P da Maré e ADPF das Favelas	Boletim de Análise Político-Institucional	HIRATA, D.V. ; SANTOS, S. R. ; GRILLO, C. C. ; MORAES, C. B. ; DIRK, RENATO ; MALANQUINI, L.		
artigoEmPeriodico	 	2021	1472-586X	http://dx.doi.org/10.1080/1472586X.2020.1827022	Sound, Image, Silence: Art and The Aural Imagination in The Atlantic World, by Michael Gaudio	Visual Studies (Print)	LA BARRE, Jorge de		
artigoEmPeriodico	 	2021	1472-586X	http://dx.doi.org/10.1080/1472586X.2021.1915706	La photo numérique. Une force néolibérale	Visual Studies (Print)	LA BARRE, Jorge de		
artigoEmPeriodico	 	2021	2238-0361	http://dx.doi.org/10.4000/cadernosaa.3944	Nas asas da pandemia: Uma entrevista com Silvio Tendler	CADERNOS DE ARTE E ANTROPOLOGIA	LA BARRE, Jorge de; AFONSO, L. A. ; FREITAS, A. G.		
artigoEmPeriodico	 	2021	2452-5901	http://dx.doi.org/10.5281/zenodo.5781590	Desarrollo, Estado y democracia: cómo piensan e influyen tres think tanks brasileños	Wirapuru, revista latinoamericana de estudios de las ideas	LEME, A. A.; PHILIPS, J. C. T.		
artigoEmPeriodico	 	2021	2619-4880		Intertwining public security policy and protest control in Brazil: Sports mega-events and international diffusion of repression	Latin American Law Review	MACHADO, M. ; MACIEL, D. A. ; SOUZA, RAFAEL DE		
artigoEmPeriodico	 	2021	2236-7527	http://dx.doi.org/10.1590/2238-38752021v1112	Embeddedness and disembeddedness in economic sociology in three time periods	SOCIOLOGIA E ANTROPOLOGIA	MONTEIRO, C. F.; LIMA, R. J. C.		
artigoEmPeriodico	 	2021	1517-5901	http://dx.doi.org/10.22478/ufpb.1517-5901.2021v1n54.55121	Empreendedorismo e ideologia neoliberal no Brasil: A transição do perfil empreendedor na Revista Pequenas Empresas Grandes Negócios	POLÍTICA & TRABALHO (UFPB. IMPRESSO)	MONTEIRO, S. ; MONTEIRO, C. F.		
artigoEmPeriodico	 	2021	1982-4513	http://dx.doi.org/10.14393/SN-v33-2021-58037	RESTINGA COMESTIBLE: Una propuesta socio ambiental dentro del paisajismo urbano de la zona oeste de Rio de Janeiro, RJ, Brasil	SOCIEDADE & NATUREZA (UFU. ONLINE)	MONTEZUMA, RITA DE CÁSSIA MARTINS; DÍEZ, M.C.		
artigoEmPeriodico	 	2021	1806-6755	http://dx.doi.org/10.47946/rnera.v0i59.8739	O ?novo caminho das águas? na Paraíba: despojo múltiplo e regimes de desapropriação em obras hídricas no semiárido nordestino	REVISTA NERA (UNESP)	MORAIS, H. B. ; RIBEIRO, Ana Maria Motta ; SILVA, O. B.		
artigoEmPeriodico	 	2021	2317-8507	http://dx.doi.org/10.20336/rbs.836	Interpretações institucionalistas sobre as transformações dos capitalismos brasileiros	REVISTA BRASILEIRA DE SOCIOLOGIA	NIEDERLE, PAULO ANDRÉ ; SALLES PEREIRA DOS SANTOS, RODRIGO ; FONSECA MONTEIRO, CRISTIANO		
artigoEmPeriodico	 	2021	1980-8194		O Ópio do Povo? O futebol e as manifestações políticas no Brasil entre 2013 e 2020	Sociedade e Cultura	OLIVEIRA, E		
artigoEmPeriodico	 	2021	1688-6356		A antropologia dos laudos é uma ciência que perturba? Atuação profissional e debate público sobre terras indígenas no Brasil.	Revista TRAMA de la Asociación Uruguaya de Antropología Social y Cultural	PERES, Sidnei Clemente. A antropologia dos laudos é uma ciência que perturba? Atuação profissional e debate público sobre terras indígenas no Brasil		
artigoEmPeriodico	 	2021	2675-3111		Antropologia, ciência e política: situação de perícia e etnologia indígena na Amazônia e no Nordeste.	Maloca - Revista de Estudos Indígenas	PERES, Sidnei Clemente. Antropologia, ciência e política: situação de perícia e etnologia indígena na Amazônia e no Nordeste		
artigoEmPeriodico	 	2021	2237-8723		Sítios, comunidades, associações Antropologia, história e agência na margem esquerda do Médio Rio Negro.	ACERVO: REVISTA DO ARQUIVO NACIONAL	PERES, Sidnei Clemente. Sítios, comunidades, associações Antropologia, história e agência na margem esquerda do Médio Rio Negro		
artigoEmPeriodico	 	2021	1983-3121	http://dx.doi.org/10.1590/0034-7329202100207	Hybrid governance as a dynamic hub for violent non-state actors: examining the case of Rio de Janeiro	REVISTA BRASILEIRA DE POLÍTICA INTERNACIONAL (ONLINE)	PIMENTA, MARÍLIA CAROLINA B. SOUZA ; SUAREZ, MARCIAL ALÉCIO GARCIA ; FERREIRA, MARCOS ALAN		
artigoEmPeriodico	 	2021	2648-2770		Pluralidade religiosa no Brasil: Uma história do Instituto de Estudos da Religião (ISER), entre ativismo político e ciência social	https://doi.org/10.11606	Regina Novaes ; Emerson Giumbelli ; VITAL DA CUNHA, Christina		
artigoEmPeriodico	 	2021	2525-8761	http://dx.doi.org/10.34117/bjdv7n6-022	Fazer agroecologia é subversivo para os praticantes do agronegócio / Doing agroecology is subversive to agribusiness practitioners	Brazilian Journal of Development	RIBEIRO, ANA MARIA MOTTA; VIEIRA, INÊS BELTRÃO GAMA ; ROCHA, CECÍLIA WERNECK		
artigoEmPeriodico	 	2021	2317-0344		A interação social e a inserção política dos imigrantes chineses no Rio de Janeiro: algumas observações	Pós - Revista Brasiliense de Pós-Graduação em Ciências Sociais	RIBEIRO, N. B. ; MELLO, M. P.		
artigoEmPeriodico	 	2021	1934-1520	http://dx.doi.org/10.1353/wsq.2021.0041	Notes on the Essay -Racism and Sexism in Brazilian Culture- / Notas sobre o Ensaio -Racismo e Sexismo na Cultura Brasileira-	WSQ: Women's Studies Quarterly	RIOS, Flavia		
artigoEmPeriodico	 	2021	1519-0951		Representação Política nas cidades brasileiras: Gênero, Raça e Etnicidade nas eleições de 2020	CADERNOS ADENAUER (SÃO PAULO)	RIOS, Flavia M.; Paz, Huri		
artigoEmPeriodico	 	2021	2277-9760	http://dx.doi.org/10.1177/22779760211006868	Brazilian Black Feminism in Rural and Urban Spaces	AGRARIAN SOUTH: JOURNAL OF POLITICAL ECONOMY	RIOS, Flavia; MACIEL, REGIMEIRE		
artigoEmPeriodico	 	2021	2079-5971	http://dx.doi.org/10.35295/osls.iisl/0000-0000-0000-1181	The violence dynamics in public security: military interventions and police-related deaths in Brazil	ONATI SOCIO - LEGAL SERIES	SUAREZ, MARCIAL; SOUZA, LUÍS ANTÔNIO ; SERRA, CARLOS HENRIQUE		
artigoEmPeriodico	 	2021	1984-932X	http://dx.doi.org/10.18222/eae.v32.8282	A nova face da docência: uma proposta de revisão do Censo da Educação Superior	Estudos em Avaliação Educacional (Online)	VARGAS, H. M. ; ZUCCARELLI, Carolina		
artigoEmPeriodico	 	2021	1981-416X	http://dx.doi.org/10.7213/1981-416X.21.069.AO04	Século XXI e desigualdades nas condições de trabalho docente na educação superior	REVISTA DIÁLOGO EDUCACIONA	VARGAS, H. M. ; ZUCCARELLI, Carolina ; HONORATO, G. S.		
artigoEmPeriodico	 	2021	1851-9628	http://dx.doi.org/10.34096/runa.v42i1.8396	Operaciones Policiales en Rio de Janeiro (2006-2020)	RUNA, archivo para las ciencias del hombre	VELOSO HIRATA, DANIEL ; CHRISTOPH GRILLO, Carolina ; DIRK, RENATO		
artigoEmPeriodico	 	2021	1807-0337	http://dx.doi.org/10.1590/15174522-118281	Superlotação no sistema socioeducativo: uma análise sociológica sobre normativas e disputas no Brasil e na França	Sociologias (UFRGS)	VINUTO, J.; BUGNON, G.		
artigoEmPeriodico	 	2021	1809-4449	http://www.scopus.com/scopus/inward/citedby.url?partnerID=bb5nvXTn&rel=R6.0.0&doi=null&md5=f8a2d9f8af7e0fb17f9968fbbee28b49	-Tudo é questão de postura-: o trabalho emocional realizado por agentes socioeducativos em centros de internação do Rio de Janeiro	CADERNOS PAGU	VINUTO, Juliana		
artigoEmPeriodico	 	2021	2175-7984	http://dx.doi.org/10.5007/2175-7984.2021.78764	Covid-19 no Sistema Socioeducativo do Rio de Janeiro: trabalho essencial e seus paradoxos na socioeducação	Revista Política e Sociedade	VINUTO, Juliana; BARBOSA, DÉBORA ; GARAY HERNÁNDEZ, JIMENA DE		
artigoEmPeriodico	 	2021	1980-5462	http://dx.doi.org/10.1590/s0102-6992-202136030009	-Falta de fechamento-: conflitos profissionais e centralidade dos procedimentos de segurança no sistema socioeducativo do Rio de Janeiro	REVISTA SOCIEDADE E ESTADO	VINUTO, Juliana; VARGAS, JOANA DOMINGUES ; GONÇALVES, HEBE SIGNORINI		
artigoEmPeriodico	 	2021	2526-396X		UMA FRENTE PARLAMENTAR CARIOCA PELA LIBERDADE RELIGIOSA	Revista Intolerância Religiosa	VITAL DA CUNHA, Christina		
artigoEmPeriodico	 	2021	2595-6191		Cultura pentecostal em periferias cariocas: grafites e agenciamentos políticos nacionais	https://doi.org/10.11606	VITAL DA CUNHA, Christina		
artigoEmPeriodico	 	2021	1982-8136		IRMÃOS CONTRA O IMPÉRIO: EVANGÉLICOS DE ESQUERDA NAS ELEIÇÕES 2020 NO BRASIL	DEBATES DO NER	VITAL DA CUNHA, Christina		
artigoEmPeriodico	 	2021	1982-8136		IDENTIDADES, PARTIDOS, CRISTIANISMO GLOBAL NA ANÁLISE SOBRE EVANGÉLICOS	DEBATES DO NER	VITAL DA CUNHA, Christina		
artigoEmPeriodico	 	2021	0101-3300		ATIVISMO NEGRO E RELIGIOSO: O caso da Frente Parlamentar de Terreiros no Congresso Nacional Brasileiro	Novos Estudos. CEBRAP	VITAL DA CUNHA, Christina		
artigoEmPeriodico	 	2021	1913-8059		Rhetoric of Loss in the 2018 Brazilian Presidential Elections: Religion, Social Fears and Tradition in Focus	https://doi.org/10.33423/jlae.v18i5.4767	VITAL DA CUNHA, Christina		
artigoEmPeriodico	 	2021	0102-3055		ENTREVISTA COM NILZA VALÉRIA ZACARIAS NASCIMENTO	COMUNICAÇÕES DO ISER	VITAL DA CUNHA, Christina; HERCULANO, G. ; MOURA, J. L. ; RIBEIRO, W. C.		
artigoEmPeriodico	 	2021	0102-3055		Entrevista com Tiago Santos na revista Comunicações do ISER 73 - Evangélicos à esquerda no Brasil	COMUNICAÇÕES DO ISER	VITAL DA CUNHA, Christina; MARQUES, Rafaela ; MOURA, J. L. ; RIBEIRO, W. C. ; HERCULANO, G.		
artigoEmPeriodico	 	2021	0102-3055		IDENTIDADES, NÚMEROS E HISTÓRIAS DE EVANGÉLICOS NAS ELEIÇÕES 2020	COMUNICAÇÕES DO ISER	VITAL DA CUNHA, Christina; MOURA, J. L.		
artigoEmPeriodico	 	2021	0102-3055		ENTREVISTA COM SAMUEL OLIVEIRA na Comunicações do ISER Evangélicos à esquerda no Brasil - ENTREVISTAS COM LIDERANÇAS E COLETIVOS NAS ELEIÇÕES DE 2020	COMUNICAÇÕES DO ISER	VITAL DA CUNHA, Christina; MOURA, J. L. ; RIBEIRO, W. C. ; HERCULANO, G.		
artigoEmPeriodico	 	2021	0102-3055		Entrevista com Ariovaldo Ramos	COMUNICAÇÕES DO ISER	VITAL DA CUNHA, Christina; RIBEIRO, W. C. ; MOURA, J. L. ; HERCULANO, G.		
artigoEmPeriodico	 	2021	0102-3055		ENTREVSITA COM PLURAL - Comunicações do ISER 73 - Evangélicos à esquerda no Brasil	COMUNICAÇÕES DO ISER	VITAL DA CUNHA, Christina; RIBEIRO, W. C. ; MOURA, J. L. ; HERCULANO, G. ; MARQUES, Rafaela		
artigoEmPeriodico	 	2021	2526-396X		APRESENTAÇÃO:DIA NACIONAL DE COMBATE À INTOLERÂNCIA RELIGIOSA: NOTÍCIAS E IMPRESSÕES DE ANTROPÓLOGAS(OS)	Revista Intolerância Religiosa	VITAL DA CUNHA, Christina; TAVARES, F.		
artigoEmPeriodico	 	2021	1984-0438		Processos de conversão religiosa	RELIGIÃO & SOCIEDADE	VITAL DA CUNHA, Christina; TEIXEIRA, C. ; CORREA, D. ; REIS, L.		
artigoEmPeriodico	 	2021	1983-9278	http://dx.doi.org/10.5585/eccos.n57.10782	Trabalhadores com educação superior e as transformações no mundo do trabalho	ECCOS REVISTA CIENTÍFICA (ONLINE)	ZUCCARELLI, CAROLINA		
artigoEmPeriodico	 	2020	1676-3661		Transparência e garantia de direitos no sistema socioeducativo: a produção de dados sobre medidas socioeducativas	BOLETIM DO IBCCRIM	ALMEIDA, B. G. ; VINUTO, J.		
artigoEmPeriodico	 	2020	1984-042X	http://dx.doi.org/10.20435/inter.v21i1.2199	Economia Solidária e a dimensão cognitiva da experiência dos catadores	INTERAÇÕES	Alves, J.C.M ; VELOSO, Letícia H. Medeiros ; ANDRADE, E. P.		
artigoEmPeriodico	 	2020	2317-6644	http://dx.doi.org/10.17666/bib9405/2021	A produc?a?o das cie?ncias sociais sobre as relac?o?es raciais no Brasil entre 2012 e 2019	REVISTA BRASILEIRA DE INFORMAÇÃO BIBLIOGRÁFICA EM CIÊNCIAS SOCIAIS - BIB	BARRETO, P. C. S. ; RIOS, Flavia M. ; NEVES, P. S. C. ; SANTOS, D. B. R.		
artigoEmPeriodico	 	2020	1984-7246		Presunção da culpa: racismo institucional no cotidiano da justiça criminal em Niterói (RJ)	PERCURSOS (FLORIANÓPOLIS. ONLINE)	BORGES, A. C. ; VINUTO, J.		
artigoEmPeriodico	 	2020	2531-1786		Por dentro das Ciências Humanas: um mapeamento semântico da área via base SciELO-Brasil (2002-2019)	Revista de Humanidades Digitales	BRASIL JR., A. ; Carvalho, Lucas C.		
artigoEmPeriodico	 	2020	2317-8507	http://dx.doi.org/10.20336/rbs.700	O impacto da sociologia: cultura de citações e modelos científicos	REVISTA BRASILEIRA DE SOCIOLOGIA	BRASIL JR., A. ; Carvalho, Lucas C.		
artigoEmPeriodico	 	2020	1982-4513		(Im)Pertinences of a theoretical approach: the neoliberalization of nature	SOCIEDADE & NATUREZA (UFU. ONLINE)	BÜHLER, ÈVE ANNE ; GAUTREAU, P. ; OLIVEIRA, VALTERLÚCIODE		
artigoEmPeriodico	 	2020	1981-6278	http://dx.doi.org/10.29397/reciis.v14i3.2121	Mapeando a área de pensamento social no Brasil: uma análise preliminar de sua produção em artigos	RECIIS - Revista Eletrônica de Comunicação, Informação & Inovação em Saúde	Carvalho, Lucas C.; BRASIL JR., A.		
artigoEmPeriodico	 	2020	2676-010X		A permanência do passado e a inexistência de um projeto de país	Artífices	CASTILHO, S. R. R		
artigoEmPeriodico	 	2020	1641-4713		Reconstrução social da agricultura no Rio de Janeiro: um estudo sobre o Vale do São João.	Revista del CESLA	COSTA, Rodolfo B de Menezes Lobato da ; RIBEIRO, Ana Maria Motta		
artigoEmPeriodico	 	2020	1983-5922		A sociologia pelo prisma de uma controvérsia pública: Notas do Brasil da Covid-19	DILEMAS: REVISTA DE ESTUDOS DE CONFLITO E CONTROLE SOCIAL	Daflon, Verônica Toste		
artigoEmPeriodico	 	2020	2178-1494	http://dx.doi.org/10.1590/S2178-149420200002000011	Gênero e conhecimento: um diálogo entre o pensamento de Flora Tristán e Harriet Martineau	ESTUDOS HISTÓRICOS	Daflon, Verônica Toste; Campos, Luna		
artigoEmPeriodico	 	2020	2596-1934		Construção subjetiva do futuro socioambiental: apontamentos para uma análise da eficácia das previsões dos estudos de impacto ambiental na Baía de Guanabara	Braz. J. of Bus.	FILHO, WILSON MADEIRA ; ROCCO, R. G. ; RIBEIRO, Ana Maria Motta		
artigoEmPeriodico	 	2020	0123-885X	http://dx.doi.org/10.7440/res73.2020.05	Letalidade policial e respaldo institucional: perfil e processamento dos casos de -resistência seguida de morte- na cidade de São Paulo	Revista de Estudios Sociales	GODOI, RAFAEL ; GRILLO, Carolina Christoph ; TONCHE, JULIANA ; MALLART, FÁBIO ; RAMACHIOTTI, BRUNA ; DE BRAUD, PAULA PAGLIARI		
artigoEmPeriodico	 	2020	2178-2792	http://dx.doi.org/10.17648/dilemas.v13n3.32078	Indo até o problema: Roubo e circulação na cidade do Rio de Janeiro	Revista Dilemas IFCS-UFRJ	GRILLO, Carolina Christoph; MARTINS, LUANA ALMEIDA		
artigoEmPeriodico	 	2020	2317-1480		Narrando, Comparando e Maldizendo Pousos, Andanças e Alojamentos	REVISTA DO CENTRO DE ESTUDOS RURAIS (RURIS)	GUEDES, ANDRÉ DUMANS		
artigoEmPeriodico	 	2020	0101-3300	http://dx.doi.org/10.25091/%20s01013300202000020004	Coletivos negros e novas identidades raciais	Novos Estudos. CEBRAP	GUIMARAES, A. S. ; RIOS, Flavia ; SOTERO, E. C.		
artigoEmPeriodico	 	2020	1133-6595	http://dx.doi.org/10.24241/rcai.2020.126.3.185	Por Dios y por las armas: el ascenso neopentecostal y securitario en Brasil (2003-2019)	REVISTA CIDOB D'AFERS INTERNACIONALS (1985)	HINZ, KRISTINA ; VINUTO, Juliana ; COUTINHO, ALINE BEATRIZ		
artigoEmPeriodico	 	2020	1519-843X	http://dx.doi.org/10.22456/1982-8136.87631	Mapeando religião na cidade: reflexões sobre a criação de templos religiosos na cidade do Rio de Janeiro entre 2006 e 2016.	Debates do NER (UFRGS)	JORGE, AMANDA LACERDA ; PEREIRA BRANDÃO, ANDRÉ AUGUSTO ; DA CUNHA, CHRISTINA VITAL		
artigoEmPeriodico	 	2020	1472-586X	http://dx.doi.org/10.1080/1472586X.2019.1672978	The universal machine	Visual Studies (Print)	LA BARRE, Jorge de		
artigoEmPeriodico	 	2020	2250-7116	http://dx.doi.org/10.34096/oidopensante.v8n2.8074	Do que falamos quando falamos de música? Relatos de uma oficina de escuta	EL OÍDO PENSANTE	LA BARRE, Jorge de; MATOS, E. C. S.		
artigoEmPeriodico	 	2020	2176-9257	http://dx.doi.org/10.51861/ded.dmv.007	HÉLIO JAGUARIBE, PENSAMENTO SÓCIO-POLÍTICO BRASILEIRO E DESENVOLVIMENTO: entre textos, contextos e intelectuais	Desenvolvimento em Debate (INCT/PPED)	LEME, A. A		
artigoEmPeriodico	 	2020	0718-4379		FERNANDO HENRIQUE CARDOSO Y LA SOCIOLOGÍA BRASILEÑA: textos y contextos	Revista Central de Sociología	LEME, A. A.; PHILIPS, J. C. T.		
artigoEmPeriodico	 	2020	1806-9053		PARA ALÉM DO 'TRÂNSFUGA DE CLASSE' A socialização plural em narrativas da primeira geração de formados no ensino superior	REVISTA BRASILEIRA DE CIÊNCIAS SOCIAIS (ONLINE)	LIMA, R. G		
artigoEmPeriodico	 	2020	1641-4713	http://dx.doi.org/10.36551/2081-1160.2020.25.175-208	Reconstrução social da agricultura no Rio de Janeiro: um estudo sobre o Vale do São João	Revista del CESLA	LOBATO DA COSTA, Rodolfo B. M. ; RIBEIRO, Ana Maria Motta		
artigoEmPeriodico	 	2020	2358-3541		A seleção via cotas raciais em universidades públicas: debates sobre as Comissões de Verificação da Autodeclaração de Raça	CONTRAPONTO	MAIA, G. F. ; VINUTO, J.		
artigoEmPeriodico	 	2020	2358-7806	http://dx.doi.org/10.21728/logeion.2020	Jurgen Habermas: O direito como linguagem	LOGEION: FILOSOFIA DA INFORMAÇÃO	MELLO, M. P		
artigoEmPeriodico	 	2020	2359-5582	http://dx.doi.org/10.21910/rbsd.v7n2.2020.420	A sociologia do direito segundo Marx	REVISTA BRASILEIRA DE SOCIOLOGIA DO DIREITO	MELLO, MARCELO PEREIRA DE		
artigoEmPeriodico	 	2020	1808-799X	http://dx.doi.org/10.22409/tn.v18i36.38475	O 'novo caminho das águas' da Paraíba e os cantos de Acuã: expropriação e violência em grandes obras hídricas	TRABALHO NECESSÁRIO	MORAIS, H. B. ; RIBEIRO, Ana Maria Motta		
artigoEmPeriodico	 	2020	0304-2340	http://dx.doi.org/10.12818/p.0304-2340.2020v77p21	A CPT E AS DENÚNCIAS SOBRE TRABALHO ESCRAVO NO PARÁ: O PAPEL DOS RELIGIOSOS E SEUS SABERES NA CONSTRUÇÃO DE ESTRATÉGIAS DE ENFRENTAMENTO À VIOLÊNCIA - DOI: 10.12818/P.0304-2340.2020v77p21	Revista da Faculdade de Direito - Universidade Federal de Minas Gerais	MOTTA RIBEIRO, ANA MARIA; OGURI FREITAS, EMMANUEL		
artigoEmPeriodico	 	2020	2317-4560		Mapeamento dos assassinatos de políticos no Estado do Rio de Janeiro	Revista PIBIC	PAZ, Huri ; RIOS, Flavia		
artigoEmPeriodico	 	2020	2179-7331		APRESENTAÇÃO: MERCADOS POPULARES, ILEGALISMOS E SUAS REGULAÇÕES PELA VIOLÊNCIA	ANTROPOLÍTICA: REVISTA CONTEMPORÂNEA DE ANTROPOLOGIA	PIRES, L. ; HIRATA, DANIEL ; MALDONADO, S.		
artigoEmPeriodico	 	2020	1808-799X	http://dx.doi.org/10.22409/tn.v18i36.42794	RAQUEL GUTIÉRREZ: A PESQUISADORA DO -COMUM- E DO FEMINIMO EM LUTA NA AMÉRICA LATINA	TRABALHO NECESSÁRIO	RIBEIRO, ANA MARIA MOTTA		
artigoEmPeriodico	 	2020	1808-799X	http://dx.doi.org/10.22409/tn.v18i36.42818	OS CADERNOS DE CONFLITOS NO CAMPO DA CPT	TRABALHO NECESSÁRIO	RIBEIRO, Ana Maria Motta; ANTUNES, J. L. C. ; CAMELLO, L. B. ; SOUZA, M. J. A. ; SOUZA, W. K. A.		
artigoEmPeriodico	 	2020	1808-799X	http://dx.doi.org/10.22409/tn.v18i36.42754	O 'comum' na América Latina	TRABALHO NECESSÁRIO	RIBEIRO, Ana Maria Motta; SOUZA, W. K. A.		
artigoEmPeriodico	 	2020	1415-5400		Punir adolescentes na França e no Brasil: legislações, instituições e equilíbrio entre sanção e educação	REVISTA BRASILEIRA DE CIÊNCIAS CRIMINAIS	SANTOS, M. C. S. ; VINUTO, J.		
artigoEmPeriodico	 	2020	0101-3300	http://dx.doi.org/10.25091/%20s01013300202000020005	Ações afirmativas e formas de acesso no ensino superior público	Novos Estudos. CEBRAP	SILVA, A. C. C. ; CIRQUEIRA, D. ; RIOS, Flavia ; ALVES, A.L.M		
artigoEmPeriodico	 	2020	2525-8761	http://dx.doi.org/10.34117/bjdv6n5-438	As instituições protetoras e a gênese da construção da agenda de bem-estar social: Reflexões sobre seu esvaziamento no contexto mundial no século XXI?	Brazilian Journal of Development	SILVEIRA, ELISABETE CRISTINA CRUVELLO		
artigoEmPeriodico	 	2020	2318-0544		A batalha política pela cidade: rupturas e continuidades nos trajetos de protestos em junho de 2013 na cidade de São Paulo	Revista da Sociedade Brasileira de Sociologia	SOUZA, R		
artigoEmPeriodico	 	2020	1647-3337	http://dx.doi.org/10.30553/sociologiaonline.2020.24	A letalidade em ações policiais. Uma revisão do debate a partir da análise comparativa entre as polícias dos Estados do Rio de Janeiro e São Paulo	Revista da Associação Portuguesa de Sociologia	SUAREZ, M. A. G.; SERRA, Carlos H. ; SOUZA, L. A. F. ; ROMERO, G. S.		
artigoEmPeriodico	 	2020	2237-6208		Classe, Estilos de Vida e Valores no Brasil	Boletim de Análise Político-Institucional	VIEIRA, A. H. P.; LOPEZ, F. G.		
artigoEmPeriodico	 	2020	1983-5922		Ecos da pandemia nos sistemas socioeducativos: Masculinidades caricatas e suas propagações securitárias	DILEMAS: REVISTA DE ESTUDOS DE CONFLITO E CONTROLE SOCIAL	VINUTO, J		
artigoEmPeriodico	 	2020	2238-8494		?Eu também sou pobre e não escolhi o crime?: o individualismo racista da fragilidade branca.	Revista Aú - Núcleo de Estudos Afro-Brasileiros do DEGASE	VINUTO, Juliana. ?Eu também sou pobre e não escolhi o crime?: o individualismo racista da fragilidade branca		
artigoEmPeriodico	 	2020	2199-7594		Evangelikale in der brasilianischen Politik: Disput zwischen Konservativen und Progressiven	BRASILICUM	VITAL DA CUNHA, Christina		
artigoEmPeriodico	 	2020	2393-7491		Retórica da Perda nas eleições presidenciais brasileiras em 2018: religião, medos sociais e tradição em foco	Revista Plural	VITAL DA CUNHA, Christina		
trabalhoCompletoEmCongresso	 	2022	http://dx.doi.org/10.14488/cneg2022_cneg_pt_016_0145_20233	A PERMUTA COMO ALTERNATIVA PARA VIABILIZAR AÇÕES SOCIAIS DURANTE A PANDEMIA DO COVID -19: UM ESTUDO DE CASO NO SETOR EDITORIAL	CNEG 2022 XVICongresso Nacional de Excelência em Gestão	BORGES, MAYARA HADDAD ; VELOSO, LETICIA HELENA MEDEIROS ; ZOTES, LUIS PEREZ		
trabalhoCompletoEmCongresso	 	2022		O trabalho remoto na gestão pública brasileira: o sinuoso caminho da normatização em tempos de COVID-19	4 th NIIC ? NECSOS? International and Interinstitutional Colloquium	Braz, Raquel Pavan ; VELOSO, LETICIA HELENA MEDEIROS ; Domingos, Maria de Lurdes Costa		
trabalhoCompletoEmCongresso	 	2022	http://dx.doi.org/10.17533/978-628-7519-01-5_9	Cativeiros, Correrias, Velocidades. Algumas Concepções Nativas sobre a 'Liberdade' na Descrição de Mobilidades	Reunião Brasileira de Antropologia	COUTO, A. R. R. ; GUEDES, ANDRÉ DUMANS		
trabalhoCompletoEmCongresso	 	2022		As estratégias de luta e de resistência dos Tupinikim e Guarani Mbya (Norte do Espírito Santo) contra a empresa Aracruz Celulose S/A, os governos militares (1964-1985) e os governos biônicos locais	33ª Reunião Brasileira de Antropologia	FERRAZ, Joana DArc Fernandes; CALDAS, C. S. A. ; SANTOS, C. M. ; CARVALHO, J. P. C.		
trabalhoCompletoEmCongresso	 	2022	http://dx.doi.org/10.3389/978-2-88976-941-4	Racismo e polícia: uma análise organizacional da Operação Segurança Presente no Rio de Janeiro	46º Encontro Anual da ANPOCS	HIRAKAWA, Leonardo ; Daflon, Verônica Toste		
trabalhoCompletoEmCongresso	 	2022		Mesa 387 del eje 'Historia y teoría social del pensamiento crítico',	9ª Conferencia Latinoamericana y Caribeña de Ciencias Sociales	LEME, A. A		
trabalhoCompletoEmCongresso	 	2022		Ruralidades metropolitanas e grandes projetos de desenvolvimento: dinâmicas de um território em mutação	46o Encontro Anual da Anpocs	OLIVEIRA, Valter Lúcio; BUHLER, E. A.		
trabalhoCompletoEmCongresso	 	2022		TERRA PROMETIDA: Agronegócio e grandes projetos de desenvolvimento no extremo oeste da Bahia	46o Encontro Anual da Anpocs	PALITOT, T. ; OLIVEIRA, Valter Lúcio		
trabalhoCompletoEmCongresso	 	2021		Contextos e conteúdos discursivos das Conferências Internacionais de Educação da UNESCO DE 1990-1996: Reflexões sobre as interfaces entre Educação e Direitos Humanos para o Século XXI	VI Congresso Internacional de Direitos Humanos de Coimbra - Uma visão transdisciplinar	CRUVELLO DA SILVEIRA, E. C		
trabalhoCompletoEmCongresso	 	2021		Direitos Humanos, Interculturalidade e Inclusão: Interfaces entre a Agenda Social da ONU e a política brasileira para a educação básica de 1968-2018	I Congresso Internacional sobre Metodologia: Qualis 2021	CRUVELLO DA SILVEIRA, E. C		
trabalhoCompletoEmCongresso	 	2021		Mapeamento de monografias do Curso de Ciências Sociais UFF/Niterói: As concepções do ensino de Sociologia a partir dos Relatos do PIBID	Seminário PIBIC Ensino Médio 2021 - Agenda Acadêmica UFF	CRUVELLO DA SILVEIRA, E. C.; SANTOS, D. B.		
trabalhoCompletoEmCongresso	 	2021		Quilombo, Território e o campo jurídico: algumas reflexões	VII ENADIR - Encontro NAcional de Antropologia do Direito	JORGE, A. L. ; LEME, A. A.		
trabalhoCompletoEmCongresso	 	2021		Comunidades quilombolas e a disputa pelo direito ao território nos Tribunais Federais	45 Encontro Anula da ANPOCS	JORGE, A. L. ; LEME, A. A.		
trabalhoCompletoEmCongresso	 	2021		A SOMBRA DA ESCRAVIDÃO E DA ABOLIÇÃO: a sociabilidade republicana no Brasil (1905-1920) na perspectiva de Manoel Bomfim e Lima Barreto ? um estudo comparado	20 Congresso Brasileiro de Sociologia - SBS	SANTOS, P. S. ; LEME, A. A.		
trabalhoCompletoEmCongresso	 	2021		Dinâmicas municipais e os efeitos de um grande empreendimento: participação, sustentabilidade e relações de poder na construção do Plano Diretor de Itaboraí-RJ	45º Encontro Anual da Anpocs	SOUSA JUNIOR, J. C. D. ; OLIVEIRA, Valter Lúcio		
trabalhoCompletoEmCongresso	 	2021	http://dx.doi.org/10.24824/978652512469.8	Educação a distância e a nova fase da docência	20º Congresso Brasileiro de Sociologia	VARGAS, Hustana Maria ; ZUCCARELLI, Carolina		
trabalhoCompletoEmCongresso	 	2021		FATORES ASSOCIADOS AO ABANDONO ESCOLAR DE JOVENS DE CLASSES BAIXAS NA REDE PÚBLICA: UMA ANÁLISE COM MÉTODOS MISTOS	40ª Reunião Nacional da ANPEd	VIEIRA, A. H. P.; SOARES, R. M.		
trabalhoCompletoEmCongresso	 	2020		?PLANEJAMENTO? COMO EXPRESSÃO DOS CONFLITOS SOCIAIS: DAS REFORMAS DE BASE À RAZÃO TECNOCRÁTICA NO BRASIL (1961-1967)	VI Congresso da Associação Latino-americana de Antropologia Social (ALA)	CASTILHO, S. R. R		
trabalhoCompletoEmCongresso	 	2020		As sentenças do TJRJ proferidas contra adolescentes em conflito com a lei: uma leitura a partir de Michel Foucault e Gabriel	44 Encontro Anual da ANPOCS	FERRAZ, Joana D`Arc Fernandes; GONCALVES, C. M.		
trabalhoCompletoEmCongresso	 	2020		Segregação racial em regiões metropolitanas brasileiras	44º Encontro Anual da ANPOCS	FRANÇA, D. S. N		
trabalhoCompletoEmCongresso	 	2020		Andarilho, Peão, Trabalhador, Pioneiro: Variações e Transformações nos Sentidos e Práticas Associados ao Correr o Trecho	32 Reunião Brasileira de Antropologia RBA	GUEDES, A. D		
trabalhoCompletoEmCongresso	 	2020		Comunidades quilombolas, reconhecimento e direito territorial: discursos em disputa no Supremo Tribunal Federal	44º Encontro Anual da ANPOCS	JORGE, A. L. ; LEME, A. A.		
trabalhoCompletoEmCongresso	 	2020		SOCIABILIDADE E DINÂMICAS RELIGIOSAS NOS ESPAÇOS DE LUTA PELA TERRA NO RIO GRANDE DO SUL	Simpósio sobre Reforma Agrária e Questões Rurais	OLIVEIRA, VALTERLÚCIODE		
trabalhoCompletoEmCongresso	 	2020		A MORTE DE ALAN TURING: UMA REFLEXÃO SOBRE A HETERONORMATIVIDADE REALIZADA ATRAVÉS DA CRIMINALIZAÇÃO DA HOMOSSEXUALIDADE	II Seminário Internacional sobre Democracia	OPOLSKI, T. ; MOTTA RIBEIRO, ANA MARIA		
trabalhoCompletoEmCongresso	 	2020		Antropologia, ciência e política: situação de perícia e etnologia na Amazônia e no Nordeste	32ª Reunião Brasileira de Antropologia	PERES, Sidnei Clemente		
trabalhoCompletoEmCongresso	 	2020		In: VI Congreso Asociación Latinoamericana de Antropología, 2021, Montevidéu (remoto). Memorias VI Congreso ALA		PERES, Sidnei Clemente. A antropologia dos laudos é uma ciência que perturba? Atuação profissional e debate público sobre terras indígenas no Brasil		
trabalhoCompletoEmCongresso	 	2020		Mudança de paradigma na Unidade Avançada José Veríssimo (UAJV) - Campus da Universidade Federal Fluminense e a criação de um repositório institucional	9º Seminário Interdisciplinar em Sociologia e Direito: 'Não-humanos e Desumanos'	RIBEIRO, Ana Maria Motta; SOARES, M. M.		
trabalhoCompletoEmCongresso	 	2020	http://dx.doi.org/10.24824/978652513471.0	Suspeição no Brasil: seletividade, masculinidades e o ?lugar do negro'	44º Encontro Anual da ANPOCS	VINUTO, J		
resumoExpandidoEmCongresso	 	2020	Migração intrametropolitana, raça e segregação na região metropolitana de São Paulo	IX Congreso de la Asociación Latinoamericana de Población, 2020, online. Anais do IX Congreso de la Asociación Latinoamericana de Población	FRANÇA, D. S. N.; CUNHA, J. M. P.		
